{"IcoMoonType":"selection","icons":[{"icon":{"paths":["M1740.8 27.927c-37.236-37.236-93.091-37.236-130.327 0l-726.109 726.109-726.109-726.109c-37.236-37.236-93.091-37.236-130.327 0s-37.236 93.091 0 130.327l791.273 791.273c37.236 37.236 93.091 37.236 130.327 0l791.273-791.273c37.236-37.236 37.236-93.091 0-130.327z"],"attrs":[],"width":1769,"isMulticolor":false,"isMulticolor2":false,"grid":0,"tags":["arrow-down"],"colorPermutations":{}},"attrs":[],"properties":{"order":117,"id":4,"name":"arrow-down","prevSize":32,"code":59648},"setIdx":0,"setId":4,"iconIdx":0},{"icon":{"paths":["M549.726 1007.832c21.558-21.558 21.558-53.895 0-75.453l-420.379-420.379 420.379-420.379c21.558-21.558 21.558-53.895 0-75.453s-53.895-21.558-75.453 0l-458.105 458.105c-21.558 21.558-21.558 53.895 0 75.453l458.105 458.105c21.558 21.558 53.895 21.558 75.453 0z"],"attrs":[],"width":593,"isMulticolor":false,"isMulticolor2":false,"grid":0,"tags":["arrow-left"],"colorPermutations":{}},"attrs":[],"properties":{"order":118,"id":3,"name":"arrow-left","prevSize":32,"code":59649},"setIdx":0,"setId":4,"iconIdx":1},{"icon":{"paths":["M16.168 16.168c-21.558 21.558-21.558 53.895 0 75.453l420.379 420.379-420.379 420.379c-21.558 21.558-21.558 53.895 0 75.453s53.895 21.558 75.453 0l458.105-458.105c21.558-21.558 21.558-53.895 0-75.453l-458.105-458.105c-21.558-21.558-53.895-21.558-75.453 0z"],"attrs":[],"width":593,"isMulticolor":false,"isMulticolor2":false,"grid":0,"tags":["arrow-right"],"colorPermutations":{}},"attrs":[],"properties":{"order":119,"id":2,"name":"arrow-right","prevSize":32,"code":59650},"setIdx":0,"setId":4,"iconIdx":2},{"icon":{"paths":["M787.696 651.52c0 205.714-171.26 372.48-382.586 372.48-211.286 0-364.673-161.020-382.586-366.005-27.32-312.788 216.739-574.676 513.055-657.995-100.994 59.456-171.429 162.861-183.197 283.124 17.295-2.39 34.815-4.087 52.727-4.087 211.326 0 382.586 166.745 382.586 372.483z"],"attrs":[],"width":788,"isMulticolor":false,"isMulticolor2":false,"grid":0,"tags":["quote-first"],"colorPermutations":{}},"attrs":[],"properties":{"order":120,"id":1,"name":"quote-first","prevSize":32,"code":59651},"setIdx":0,"setId":4,"iconIdx":3},{"icon":{"paths":["M0.005 372.481c0-205.716 171.263-372.481 382.587-372.481 211.285 0 364.673 161.019 382.585 366.005 27.321 312.789-216.737 574.677-513.056 657.995 100.996-59.455 171.429-162.863 183.198-283.124-17.294 2.391-34.812 4.088-52.727 4.088-211.324 0-382.587-166.747-382.587-372.483z"],"attrs":[],"width":788,"isMulticolor":false,"isMulticolor2":false,"grid":0,"tags":["quote-last"],"colorPermutations":{}},"attrs":[],"properties":{"order":121,"id":0,"name":"quote-last","prevSize":32,"code":59652},"setIdx":0,"setId":4,"iconIdx":4}],"height":1024,"metadata":{"name":"icons"},"preferences":{"showGlyphs":true,"showQuickUse":true,"showQuickUse2":true,"showSVGs":true,"fontPref":{"prefix":"_icon-","metadata":{"fontFamily":"icons","majorVersion":1,"minorVersion":0},"metrics":{"emSize":1024,"baseline":6.25,"whitespace":50},"embed":false,"noie8":true,"ie7":false,"showSelector":true},"imagePref":{"prefix":"icon-","png":true,"useClassSelector":true,"color":0,"bgColor":16777215,"classSelector":".icon","name":"icomoon"},"historySize":50,"showCodes":true,"gridSize":16,"showLiga":false}}